platform,url,status,cost,requires_user_action,listing_url,submitted_date,notes
GitHub,https://github.com/luningbing/pawsafeplants,live,free,no,https://github.com/luningbing/pawsafeplants,2026-06-27,"Public README links to whichadgotsale.com and includes screenshot."
Product Hunt,https://www.producthunt.com/products/whichadgotsale?launch=whichadgotsale,scheduled,free,no,https://www.producthunt.com/products/whichadgotsale?launch=whichadgotsale,2026-06-28,"Scheduled for June 29, 2026 at 12:01am PT / 03:01pm GMT+8. No paid promotion."
Uneed,https://www.uneed.best/edit/waiting-line/38937,waiting_line,free,no,https://www.uneed.best/tool/whichadgotsale,2026-06-28,"Joined free waiting line. Automatic launch scheduled for November 21, 2026; paid exact-date scheduling was $29.99 and fast-track was $14.99, skipped both."
SaaSHub,https://www.saashub.com/submit,pending,free_or_optional_paid_promo,yes,,,"Needs login or browser challenge. Do not buy sponsored placement."
Fazier,https://fazier.com/submit,hold,possible_reciprocal_backlink,yes,,,"Submit only if reciprocal backlink is approved."
Indie Hackers,https://www.indiehackers.com/,pending,free,yes,,,"Post as build-in-public or useful workflow, not direct ad."
Reddit Shopify,https://www.reddit.com/r/Shopify/,hold,free,yes,,,"Only post if framed as useful GA4/UTM workflow and subreddit rules allow it."
Reddit PPC,https://www.reddit.com/r/PPC/,hold,free,yes,,,"Only post if framed as useful GA4/UTM workflow and subreddit rules allow it."
Shopify Community Ask & Offer,https://community.shopify.com/c/community-corner/ask-offer/294,live,free,no,https://community.shopify.com/t/for-shopify-merchants-also-selling-on-tiktok-shop-free-profit-planner-feedback-wanted/676328,2026-09-03,"Published under WhichAdGotSale with Shopify-merchant framing and a campaign-specific UTM link."
Reddit TikTokShopSellers,https://www.reddit.com/r/TikTokShopSellers/,research_reply_live_no_link,free,no,https://www.reddit.com/r/TikTokShopSellers/comments/1w4zv89/comment/p7k9x5i/,2026-09-03,"Promotional post withheld due account-risk concern. Published one relevant research question with no product name or external link; awaiting response."
Reddit TikTokShopSellers FBT inbound fee,https://www.reddit.com/r/TikTokShopSellers/comments/1u2vcvy/tiktok_billed_me_1900_more_than_their_own/,research_reply_live_no_link,free,no,https://www.reddit.com/r/TikTokShopSellers/comments/1u2vcvy/comment/p7q9vn6/,2026-09-04,"Asked whether carton dimensions and weight matched prior shipments and whether the settlement exposed shipment- or carton-level evidence. No product mention or external link."
Reddit TikTokShopSellers shipping fee labels,https://www.reddit.com/r/TikTokShopSellers/comments/1t4u0ta/shipping_fees/,research_reply_live_no_link,free,no,https://www.reddit.com/r/TikTokShopSellers/comments/1t4u0ta/comment/p7r1l7y/,2026-09-04,"Suggested checking order ID, reason, and estimated-versus-chargeable weight fields before changing settings; asked whether the export contains order-level detail. No product mention or external link."
Reddit dropshipping Marketplace,https://www.reddit.com/r/dropshipping/,ready_copy_only,free,yes,,,"Use Marketplace flair and maximum once per week. TikTok Shop Profit Planner copy prepared. Not published."
Reddit smallbusiness weekly thread,https://www.reddit.com/r/smallbusiness/,ready_copy_only,free,yes,,,"Post only inside the designated weekly Promote-your-business thread. Not published."
Reddit startups Feedback Thread,https://www.reddit.com/r/startups/,ready_copy_only,free,yes,,,"Post only inside the designated Feedback Thread; lower seller fit but useful UX feedback. Not published."
